text,labels,exp_and_td
1500 Killed In Nepal Earthquake . Watch Affected Places Here &gt;&gt; http,0,information
1500 Killed In Nepal Earthquake . Watch Affected Places Here &gt;&gt; http,0,information
1500 Killed In Nepal Earthquake . Watch Affected Places Here &gt;&gt; http,0,information
1500 Killed In Nepal Earthquake . Watch Affected Places Here &gt;&gt; http,0,information
1500 Killed In Nepal Earthquake . Watch Affected Places Here &gt;&gt; http,0,information
1500 Killed In Nepal Earthquake . Watch Affected Places Here &gt;&gt; http,0,someone dead
1500 Killed In Nepal Earthquake . Watch Affected Places Here &gt;&gt; http,0,someone injured
1500 Killed In Nepal Earthquake . Watch Affected Places Here &gt;&gt; http,0,someone missing or found
1500 Killed In Nepal Earthquake . Watch Affected Places Here &gt;&gt; http,0,people displaced
1500 Killed In Nepal Earthquake . Watch Affected Places Here &gt;&gt; http,0,something damage
1500 Killed In Nepal Earthquake . Watch Affected Places Here &gt;&gt; http,0,emotional support and put others in mind
1500 Killed In Nepal Earthquake . Watch Affected Places Here &gt;&gt; http,0,injured or dead people
1500 Killed In Nepal Earthquake . Watch Affected Places Here &gt;&gt; http,0,missing trapped or found people
1500 Killed In Nepal Earthquake . Watch Affected Places Here &gt;&gt; http,0,displaced people and evacuations
1500 Killed In Nepal Earthquake . Watch Affected Places Here &gt;&gt; http,0,infrastructure and utilities damage
1500 Killed In Nepal Earthquake . Watch Affected Places Here &gt;&gt; http,0,donation needs or offers or volunteering services
1500 Killed In Nepal Earthquake . Watch Affected Places Here &gt;&gt; http,0,caution and advice
1500 Killed In Nepal Earthquake . Watch Affected Places Here &gt;&gt; http,0,sympathy and emotional support
Wake me up with some mimosas. That's true love.,8,information
Wake me up with some mimosas. That's true love.,8,information
Wake me up with some mimosas. That's true love.,8,information
Wake me up with some mimosas. That's true love.,8,information
Wake me up with some mimosas. That's true love.,8,information
Wake me up with some mimosas. That's true love.,8,someone dead
Wake me up with some mimosas. That's true love.,8,someone injured
Wake me up with some mimosas. That's true love.,8,someone missing or found
Wake me up with some mimosas. That's true love.,8,people displaced
Wake me up with some mimosas. That's true love.,8,something damage
Wake me up with some mimosas. That's true love.,8,emotional support and put others in mind
Wake me up with some mimosas. That's true love.,8,injured or dead people
Wake me up with some mimosas. That's true love.,8,missing trapped or found people
Wake me up with some mimosas. That's true love.,8,displaced people and evacuations
Wake me up with some mimosas. That's true love.,8,infrastructure and utilities damage
Wake me up with some mimosas. That's true love.,8,donation needs or offers or volunteering services
Wake me up with some mimosas. That's true love.,8,caution and advice
Wake me up with some mimosas. That's true love.,8,sympathy and emotional support
your special date is coming!!! I love you bb,8,information
your special date is coming!!! I love you bb,8,information
your special date is coming!!! I love you bb,8,information
your special date is coming!!! I love you bb,8,information
your special date is coming!!! I love you bb,8,information
your special date is coming!!! I love you bb,8,someone dead
your special date is coming!!! I love you bb,8,someone injured
your special date is coming!!! I love you bb,8,someone missing or found
your special date is coming!!! I love you bb,8,people displaced
your special date is coming!!! I love you bb,8,something damage
your special date is coming!!! I love you bb,8,emotional support and put others in mind
your special date is coming!!! I love you bb,8,injured or dead people
your special date is coming!!! I love you bb,8,missing trapped or found people
your special date is coming!!! I love you bb,8,displaced people and evacuations
your special date is coming!!! I love you bb,8,infrastructure and utilities damage
your special date is coming!!! I love you bb,8,donation needs or offers or volunteering services
your special date is coming!!! I love you bb,8,caution and advice
your special date is coming!!! I love you bb,8,sympathy and emotional support
Many dead in Nepal and India floods - Yr 10 &amp; 11 - up to date effects of flooding in LIC and MIC http,0,information
Many dead in Nepal and India floods - Yr 10 &amp; 11 - up to date effects of flooding in LIC and MIC http,0,information
Many dead in Nepal and India floods - Yr 10 &amp; 11 - up to date effects of flooding in LIC and MIC http,0,information
Many dead in Nepal and India floods - Yr 10 &amp; 11 - up to date effects of flooding in LIC and MIC http,0,information
Many dead in Nepal and India floods - Yr 10 &amp; 11 - up to date effects of flooding in LIC and MIC http,0,information
Many dead in Nepal and India floods - Yr 10 &amp; 11 - up to date effects of flooding in LIC and MIC http,0,someone dead
Many dead in Nepal and India floods - Yr 10 &amp; 11 - up to date effects of flooding in LIC and MIC http,0,someone injured
Many dead in Nepal and India floods - Yr 10 &amp; 11 - up to date effects of flooding in LIC and MIC http,0,someone missing or found
Many dead in Nepal and India floods - Yr 10 &amp; 11 - up to date effects of flooding in LIC and MIC http,0,people displaced
Many dead in Nepal and India floods - Yr 10 &amp; 11 - up to date effects of flooding in LIC and MIC http,0,something damage
Many dead in Nepal and India floods - Yr 10 &amp; 11 - up to date effects of flooding in LIC and MIC http,0,emotional support and put others in mind
Many dead in Nepal and India floods - Yr 10 &amp; 11 - up to date effects of flooding in LIC and MIC http,0,injured or dead people
Many dead in Nepal and India floods - Yr 10 &amp; 11 - up to date effects of flooding in LIC and MIC http,0,missing trapped or found people
Many dead in Nepal and India floods - Yr 10 &amp; 11 - up to date effects of flooding in LIC and MIC http,0,displaced people and evacuations
Many dead in Nepal and India floods - Yr 10 &amp; 11 - up to date effects of flooding in LIC and MIC http,0,infrastructure and utilities damage
Many dead in Nepal and India floods - Yr 10 &amp; 11 - up to date effects of flooding in LIC and MIC http,0,donation needs or offers or volunteering services
Many dead in Nepal and India floods - Yr 10 &amp; 11 - up to date effects of flooding in LIC and MIC http,0,caution and advice
Many dead in Nepal and India floods - Yr 10 &amp; 11 - up to date effects of flooding in LIC and MIC http,0,sympathy and emotional support
Is this the nastiest X Factor judge response ever?... =&gt;&gt; http  Timeline Vanuatu Natalia Kill… http,8,information
Is this the nastiest X Factor judge response ever?... =&gt;&gt; http  Timeline Vanuatu Natalia Kill… http,8,information
Is this the nastiest X Factor judge response ever?... =&gt;&gt; http  Timeline Vanuatu Natalia Kill… http,8,information
Is this the nastiest X Factor judge response ever?... =&gt;&gt; http  Timeline Vanuatu Natalia Kill… http,8,information
Is this the nastiest X Factor judge response ever?... =&gt;&gt; http  Timeline Vanuatu Natalia Kill… http,8,information
Is this the nastiest X Factor judge response ever?... =&gt;&gt; http  Timeline Vanuatu Natalia Kill… http,8,someone dead
Is this the nastiest X Factor judge response ever?... =&gt;&gt; http  Timeline Vanuatu Natalia Kill… http,8,someone injured
Is this the nastiest X Factor judge response ever?... =&gt;&gt; http  Timeline Vanuatu Natalia Kill… http,8,someone missing or found
Is this the nastiest X Factor judge response ever?... =&gt;&gt; http  Timeline Vanuatu Natalia Kill… http,8,people displaced
Is this the nastiest X Factor judge response ever?... =&gt;&gt; http  Timeline Vanuatu Natalia Kill… http,8,something damage
Is this the nastiest X Factor judge response ever?... =&gt;&gt; http  Timeline Vanuatu Natalia Kill… http,8,emotional support and put others in mind
Is this the nastiest X Factor judge response ever?... =&gt;&gt; http  Timeline Vanuatu Natalia Kill… http,8,injured or dead people
Is this the nastiest X Factor judge response ever?... =&gt;&gt; http  Timeline Vanuatu Natalia Kill… http,8,missing trapped or found people
Is this the nastiest X Factor judge response ever?... =&gt;&gt; http  Timeline Vanuatu Natalia Kill… http,8,displaced people and evacuations
Is this the nastiest X Factor judge response ever?... =&gt;&gt; http  Timeline Vanuatu Natalia Kill… http,8,infrastructure and utilities damage
Is this the nastiest X Factor judge response ever?... =&gt;&gt; http  Timeline Vanuatu Natalia Kill… http,8,donation needs or offers or volunteering services
Is this the nastiest X Factor judge response ever?... =&gt;&gt; http  Timeline Vanuatu Natalia Kill… http,8,caution and advice
Is this the nastiest X Factor judge response ever?... =&gt;&gt; http  Timeline Vanuatu Natalia Kill… http,8,sympathy and emotional support
Today Was A good Day Ὁ5 Happy Birthday Momma Pam! I Love You ὆D Lunch Mani Pedi Movies Dinner http,8,information
Today Was A good Day Ὁ5 Happy Birthday Momma Pam! I Love You ὆D Lunch Mani Pedi Movies Dinner http,8,information
Today Was A good Day Ὁ5 Happy Birthday Momma Pam! I Love You ὆D Lunch Mani Pedi Movies Dinner http,8,information
Today Was A good Day Ὁ5 Happy Birthday Momma Pam! I Love You ὆D Lunch Mani Pedi Movies Dinner http,8,information
Today Was A good Day Ὁ5 Happy Birthday Momma Pam! I Love You ὆D Lunch Mani Pedi Movies Dinner http,8,information
Today Was A good Day Ὁ5 Happy Birthday Momma Pam! I Love You ὆D Lunch Mani Pedi Movies Dinner http,8,someone dead
Today Was A good Day Ὁ5 Happy Birthday Momma Pam! I Love You ὆D Lunch Mani Pedi Movies Dinner http,8,someone injured
Today Was A good Day Ὁ5 Happy Birthday Momma Pam! I Love You ὆D Lunch Mani Pedi Movies Dinner http,8,someone missing or found
Today Was A good Day Ὁ5 Happy Birthday Momma Pam! I Love You ὆D Lunch Mani Pedi Movies Dinner http,8,people displaced
Today Was A good Day Ὁ5 Happy Birthday Momma Pam! I Love You ὆D Lunch Mani Pedi Movies Dinner http,8,something damage
Today Was A good Day Ὁ5 Happy Birthday Momma Pam! I Love You ὆D Lunch Mani Pedi Movies Dinner http,8,emotional support and put others in mind
Today Was A good Day Ὁ5 Happy Birthday Momma Pam! I Love You ὆D Lunch Mani Pedi Movies Dinner http,8,injured or dead people
Today Was A good Day Ὁ5 Happy Birthday Momma Pam! I Love You ὆D Lunch Mani Pedi Movies Dinner http,8,missing trapped or found people
Today Was A good Day Ὁ5 Happy Birthday Momma Pam! I Love You ὆D Lunch Mani Pedi Movies Dinner http,8,displaced people and evacuations
Today Was A good Day Ὁ5 Happy Birthday Momma Pam! I Love You ὆D Lunch Mani Pedi Movies Dinner http,8,infrastructure and utilities damage
Today Was A good Day Ὁ5 Happy Birthday Momma Pam! I Love You ὆D Lunch Mani Pedi Movies Dinner http,8,donation needs or offers or volunteering services
Today Was A good Day Ὁ5 Happy Birthday Momma Pam! I Love You ὆D Lunch Mani Pedi Movies Dinner http,8,caution and advice
Today Was A good Day Ὁ5 Happy Birthday Momma Pam! I Love You ὆D Lunch Mani Pedi Movies Dinner http,8,sympathy and emotional support
"September 30, 1988. More Than 250 Innocent People Were Shot Dead In 5 Minutes! Hyderabad Massacre Pakistan",0,information
"September 30, 1988. More Than 250 Innocent People Were Shot Dead In 5 Minutes! Hyderabad Massacre Pakistan",0,information
"September 30, 1988. More Than 250 Innocent People Were Shot Dead In 5 Minutes! Hyderabad Massacre Pakistan",0,information
"September 30, 1988. More Than 250 Innocent People Were Shot Dead In 5 Minutes! Hyderabad Massacre Pakistan",0,information
"September 30, 1988. More Than 250 Innocent People Were Shot Dead In 5 Minutes! Hyderabad Massacre Pakistan",0,information
"September 30, 1988. More Than 250 Innocent People Were Shot Dead In 5 Minutes! Hyderabad Massacre Pakistan",0,someone dead
"September 30, 1988. More Than 250 Innocent People Were Shot Dead In 5 Minutes! Hyderabad Massacre Pakistan",0,someone injured
"September 30, 1988. More Than 250 Innocent People Were Shot Dead In 5 Minutes! Hyderabad Massacre Pakistan",0,someone missing or found
"September 30, 1988. More Than 250 Innocent People Were Shot Dead In 5 Minutes! Hyderabad Massacre Pakistan",0,people displaced
"September 30, 1988. More Than 250 Innocent People Were Shot Dead In 5 Minutes! Hyderabad Massacre Pakistan",0,something damage
"September 30, 1988. More Than 250 Innocent People Were Shot Dead In 5 Minutes! Hyderabad Massacre Pakistan",0,emotional support and put others in mind
"September 30, 1988. More Than 250 Innocent People Were Shot Dead In 5 Minutes! Hyderabad Massacre Pakistan",0,injured or dead people
"September 30, 1988. More Than 250 Innocent People Were Shot Dead In 5 Minutes! Hyderabad Massacre Pakistan",0,missing trapped or found people
"September 30, 1988. More Than 250 Innocent People Were Shot Dead In 5 Minutes! Hyderabad Massacre Pakistan",0,displaced people and evacuations
"September 30, 1988. More Than 250 Innocent People Were Shot Dead In 5 Minutes! Hyderabad Massacre Pakistan",0,infrastructure and utilities damage
"September 30, 1988. More Than 250 Innocent People Were Shot Dead In 5 Minutes! Hyderabad Massacre Pakistan",0,donation needs or offers or volunteering services
"September 30, 1988. More Than 250 Innocent People Were Shot Dead In 5 Minutes! Hyderabad Massacre Pakistan",0,caution and advice
"September 30, 1988. More Than 250 Innocent People Were Shot Dead In 5 Minutes! Hyderabad Massacre Pakistan",0,sympathy and emotional support
"News Most Recent Hundreds dead as monsoon hits India, Nepal http via",0,information
"News Most Recent Hundreds dead as monsoon hits India, Nepal http via",0,information
"News Most Recent Hundreds dead as monsoon hits India, Nepal http via",0,information
"News Most Recent Hundreds dead as monsoon hits India, Nepal http via",0,information
"News Most Recent Hundreds dead as monsoon hits India, Nepal http via",0,information
"News Most Recent Hundreds dead as monsoon hits India, Nepal http via",0,someone dead
"News Most Recent Hundreds dead as monsoon hits India, Nepal http via",0,someone injured
"News Most Recent Hundreds dead as monsoon hits India, Nepal http via",0,someone missing or found
"News Most Recent Hundreds dead as monsoon hits India, Nepal http via",0,people displaced
"News Most Recent Hundreds dead as monsoon hits India, Nepal http via",0,something damage
"News Most Recent Hundreds dead as monsoon hits India, Nepal http via",0,emotional support and put others in mind
"News Most Recent Hundreds dead as monsoon hits India, Nepal http via",0,injured or dead people
"News Most Recent Hundreds dead as monsoon hits India, Nepal http via",0,missing trapped or found people
"News Most Recent Hundreds dead as monsoon hits India, Nepal http via",0,displaced people and evacuations
"News Most Recent Hundreds dead as monsoon hits India, Nepal http via",0,infrastructure and utilities damage
"News Most Recent Hundreds dead as monsoon hits India, Nepal http via",0,donation needs or offers or volunteering services
"News Most Recent Hundreds dead as monsoon hits India, Nepal http via",0,caution and advice
"News Most Recent Hundreds dead as monsoon hits India, Nepal http via",0,sympathy and emotional support
"Floods kill 45 in eastern India: Flooding in eastern India has killed 45 people and displaced more than 300,00... http",0,information
"Floods kill 45 in eastern India: Flooding in eastern India has killed 45 people and displaced more than 300,00... http",0,information
"Floods kill 45 in eastern India: Flooding in eastern India has killed 45 people and displaced more than 300,00... http",0,information
"Floods kill 45 in eastern India: Flooding in eastern India has killed 45 people and displaced more than 300,00... http",0,information
"Floods kill 45 in eastern India: Flooding in eastern India has killed 45 people and displaced more than 300,00... http",0,information
"Floods kill 45 in eastern India: Flooding in eastern India has killed 45 people and displaced more than 300,00... http",0,someone dead
"Floods kill 45 in eastern India: Flooding in eastern India has killed 45 people and displaced more than 300,00... http",0,someone injured
"Floods kill 45 in eastern India: Flooding in eastern India has killed 45 people and displaced more than 300,00... http",0,someone missing or found
"Floods kill 45 in eastern India: Flooding in eastern India has killed 45 people and displaced more than 300,00... http",0,people displaced
"Floods kill 45 in eastern India: Flooding in eastern India has killed 45 people and displaced more than 300,00... http",0,something damage
"Floods kill 45 in eastern India: Flooding in eastern India has killed 45 people and displaced more than 300,00... http",0,emotional support and put others in mind
"Floods kill 45 in eastern India: Flooding in eastern India has killed 45 people and displaced more than 300,00... http",0,injured or dead people
"Floods kill 45 in eastern India: Flooding in eastern India has killed 45 people and displaced more than 300,00... http",0,missing trapped or found people
"Floods kill 45 in eastern India: Flooding in eastern India has killed 45 people and displaced more than 300,00... http",0,displaced people and evacuations
"Floods kill 45 in eastern India: Flooding in eastern India has killed 45 people and displaced more than 300,00... http",0,infrastructure and utilities damage
"Floods kill 45 in eastern India: Flooding in eastern India has killed 45 people and displaced more than 300,00... http",0,donation needs or offers or volunteering services
"Floods kill 45 in eastern India: Flooding in eastern India has killed 45 people and displaced more than 300,00... http",0,caution and advice
"Floods kill 45 in eastern India: Flooding in eastern India has killed 45 people and displaced more than 300,00... http",0,sympathy and emotional support
"Landslides, Flooding Kill 109 In Nepal, Northern India: The death toll from landslides and flooding t... http Nigeria",0,information
"Landslides, Flooding Kill 109 In Nepal, Northern India: The death toll from landslides and flooding t... http Nigeria",0,information
"Landslides, Flooding Kill 109 In Nepal, Northern India: The death toll from landslides and flooding t... http Nigeria",0,information
"Landslides, Flooding Kill 109 In Nepal, Northern India: The death toll from landslides and flooding t... http Nigeria",0,information
"Landslides, Flooding Kill 109 In Nepal, Northern India: The death toll from landslides and flooding t... http Nigeria",0,information
"Landslides, Flooding Kill 109 In Nepal, Northern India: The death toll from landslides and flooding t... http Nigeria",0,someone dead
"Landslides, Flooding Kill 109 In Nepal, Northern India: The death toll from landslides and flooding t... http Nigeria",0,someone injured
"Landslides, Flooding Kill 109 In Nepal, Northern India: The death toll from landslides and flooding t... http Nigeria",0,someone missing or found
"Landslides, Flooding Kill 109 In Nepal, Northern India: The death toll from landslides and flooding t... http Nigeria",0,people displaced
"Landslides, Flooding Kill 109 In Nepal, Northern India: The death toll from landslides and flooding t... http Nigeria",0,something damage
"Landslides, Flooding Kill 109 In Nepal, Northern India: The death toll from landslides and flooding t... http Nigeria",0,emotional support and put others in mind
"Landslides, Flooding Kill 109 In Nepal, Northern India: The death toll from landslides and flooding t... http Nigeria",0,injured or dead people
"Landslides, Flooding Kill 109 In Nepal, Northern India: The death toll from landslides and flooding t... http Nigeria",0,missing trapped or found people
"Landslides, Flooding Kill 109 In Nepal, Northern India: The death toll from landslides and flooding t... http Nigeria",0,displaced people and evacuations
"Landslides, Flooding Kill 109 In Nepal, Northern India: The death toll from landslides and flooding t... http Nigeria",0,infrastructure and utilities damage
"Landslides, Flooding Kill 109 In Nepal, Northern India: The death toll from landslides and flooding t... http Nigeria",0,donation needs or offers or volunteering services
"Landslides, Flooding Kill 109 In Nepal, Northern India: The death toll from landslides and flooding t... http Nigeria",0,caution and advice
"Landslides, Flooding Kill 109 In Nepal, Northern India: The death toll from landslides and flooding t... http Nigeria",0,sympathy and emotional support
"Twelve die in Bihar flood, 4 lakh hit http",0,information
"Twelve die in Bihar flood, 4 lakh hit http",0,information
"Twelve die in Bihar flood, 4 lakh hit http",0,information
"Twelve die in Bihar flood, 4 lakh hit http",0,information
"Twelve die in Bihar flood, 4 lakh hit http",0,information
"Twelve die in Bihar flood, 4 lakh hit http",0,someone dead
"Twelve die in Bihar flood, 4 lakh hit http",0,someone injured
"Twelve die in Bihar flood, 4 lakh hit http",0,someone missing or found
"Twelve die in Bihar flood, 4 lakh hit http",0,people displaced
"Twelve die in Bihar flood, 4 lakh hit http",0,something damage
"Twelve die in Bihar flood, 4 lakh hit http",0,emotional support and put others in mind
"Twelve die in Bihar flood, 4 lakh hit http",0,injured or dead people
"Twelve die in Bihar flood, 4 lakh hit http",0,missing trapped or found people
"Twelve die in Bihar flood, 4 lakh hit http",0,displaced people and evacuations
"Twelve die in Bihar flood, 4 lakh hit http",0,infrastructure and utilities damage
"Twelve die in Bihar flood, 4 lakh hit http",0,donation needs or offers or volunteering services
"Twelve die in Bihar flood, 4 lakh hit http",0,caution and advice
"Twelve die in Bihar flood, 4 lakh hit http",0,sympathy and emotional support
"UN Says 24 Dead in Vanuatu After Cyclone Pam: UN humanitarian office says 24 dead and 3,300 people displaced i... http",3,information
"UN Says 24 Dead in Vanuatu After Cyclone Pam: UN humanitarian office says 24 dead and 3,300 people displaced i... http",3,information
"UN Says 24 Dead in Vanuatu After Cyclone Pam: UN humanitarian office says 24 dead and 3,300 people displaced i... http",3,information
"UN Says 24 Dead in Vanuatu After Cyclone Pam: UN humanitarian office says 24 dead and 3,300 people displaced i... http",3,information
"UN Says 24 Dead in Vanuatu After Cyclone Pam: UN humanitarian office says 24 dead and 3,300 people displaced i... http",3,information
"UN Says 24 Dead in Vanuatu After Cyclone Pam: UN humanitarian office says 24 dead and 3,300 people displaced i... http",3,someone dead
"UN Says 24 Dead in Vanuatu After Cyclone Pam: UN humanitarian office says 24 dead and 3,300 people displaced i... http",3,someone injured
"UN Says 24 Dead in Vanuatu After Cyclone Pam: UN humanitarian office says 24 dead and 3,300 people displaced i... http",3,someone missing or found
"UN Says 24 Dead in Vanuatu After Cyclone Pam: UN humanitarian office says 24 dead and 3,300 people displaced i... http",3,people displaced
"UN Says 24 Dead in Vanuatu After Cyclone Pam: UN humanitarian office says 24 dead and 3,300 people displaced i... http",3,something damage
"UN Says 24 Dead in Vanuatu After Cyclone Pam: UN humanitarian office says 24 dead and 3,300 people displaced i... http",3,emotional support and put others in mind
"UN Says 24 Dead in Vanuatu After Cyclone Pam: UN humanitarian office says 24 dead and 3,300 people displaced i... http",3,injured or dead people
"UN Says 24 Dead in Vanuatu After Cyclone Pam: UN humanitarian office says 24 dead and 3,300 people displaced i... http",3,missing trapped or found people
"UN Says 24 Dead in Vanuatu After Cyclone Pam: UN humanitarian office says 24 dead and 3,300 people displaced i... http",3,displaced people and evacuations
"UN Says 24 Dead in Vanuatu After Cyclone Pam: UN humanitarian office says 24 dead and 3,300 people displaced i... http",3,infrastructure and utilities damage
"UN Says 24 Dead in Vanuatu After Cyclone Pam: UN humanitarian office says 24 dead and 3,300 people displaced i... http",3,donation needs or offers or volunteering services
"UN Says 24 Dead in Vanuatu After Cyclone Pam: UN humanitarian office says 24 dead and 3,300 people displaced i... http",3,caution and advice
"UN Says 24 Dead in Vanuatu After Cyclone Pam: UN humanitarian office says 24 dead and 3,300 people displaced i... http",3,sympathy and emotional support
"(#Bryan_Starz) Hundreds dead as monsoon hits India, Nepal http (#Bryan_Starz)",0,information
"(#Bryan_Starz) Hundreds dead as monsoon hits India, Nepal http (#Bryan_Starz)",0,information
"(#Bryan_Starz) Hundreds dead as monsoon hits India, Nepal http (#Bryan_Starz)",0,information
"(#Bryan_Starz) Hundreds dead as monsoon hits India, Nepal http (#Bryan_Starz)",0,information
"(#Bryan_Starz) Hundreds dead as monsoon hits India, Nepal http (#Bryan_Starz)",0,information
"(#Bryan_Starz) Hundreds dead as monsoon hits India, Nepal http (#Bryan_Starz)",0,someone dead
"(#Bryan_Starz) Hundreds dead as monsoon hits India, Nepal http (#Bryan_Starz)",0,someone injured
"(#Bryan_Starz) Hundreds dead as monsoon hits India, Nepal http (#Bryan_Starz)",0,someone missing or found
"(#Bryan_Starz) Hundreds dead as monsoon hits India, Nepal http (#Bryan_Starz)",0,people displaced
"(#Bryan_Starz) Hundreds dead as monsoon hits India, Nepal http (#Bryan_Starz)",0,something damage
"(#Bryan_Starz) Hundreds dead as monsoon hits India, Nepal http (#Bryan_Starz)",0,emotional support and put others in mind
"(#Bryan_Starz) Hundreds dead as monsoon hits India, Nepal http (#Bryan_Starz)",0,injured or dead people
"(#Bryan_Starz) Hundreds dead as monsoon hits India, Nepal http (#Bryan_Starz)",0,missing trapped or found people
"(#Bryan_Starz) Hundreds dead as monsoon hits India, Nepal http (#Bryan_Starz)",0,displaced people and evacuations
"(#Bryan_Starz) Hundreds dead as monsoon hits India, Nepal http (#Bryan_Starz)",0,infrastructure and utilities damage
"(#Bryan_Starz) Hundreds dead as monsoon hits India, Nepal http (#Bryan_Starz)",0,donation needs or offers or volunteering services
"(#Bryan_Starz) Hundreds dead as monsoon hits India, Nepal http (#Bryan_Starz)",0,caution and advice
"(#Bryan_Starz) Hundreds dead as monsoon hits India, Nepal http (#Bryan_Starz)",0,sympathy and emotional support
➟ Cyclone Pam: dozens feared dead in Vanuatu outer islands Cyclone Pam 436 http http,0,information
➟ Cyclone Pam: dozens feared dead in Vanuatu outer islands Cyclone Pam 436 http http,0,information
➟ Cyclone Pam: dozens feared dead in Vanuatu outer islands Cyclone Pam 436 http http,0,information
➟ Cyclone Pam: dozens feared dead in Vanuatu outer islands Cyclone Pam 436 http http,0,information
➟ Cyclone Pam: dozens feared dead in Vanuatu outer islands Cyclone Pam 436 http http,0,information
➟ Cyclone Pam: dozens feared dead in Vanuatu outer islands Cyclone Pam 436 http http,0,someone dead
➟ Cyclone Pam: dozens feared dead in Vanuatu outer islands Cyclone Pam 436 http http,0,someone injured
➟ Cyclone Pam: dozens feared dead in Vanuatu outer islands Cyclone Pam 436 http http,0,someone missing or found
➟ Cyclone Pam: dozens feared dead in Vanuatu outer islands Cyclone Pam 436 http http,0,people displaced
➟ Cyclone Pam: dozens feared dead in Vanuatu outer islands Cyclone Pam 436 http http,0,something damage
➟ Cyclone Pam: dozens feared dead in Vanuatu outer islands Cyclone Pam 436 http http,0,emotional support and put others in mind
➟ Cyclone Pam: dozens feared dead in Vanuatu outer islands Cyclone Pam 436 http http,0,injured or dead people
➟ Cyclone Pam: dozens feared dead in Vanuatu outer islands Cyclone Pam 436 http http,0,missing trapped or found people
➟ Cyclone Pam: dozens feared dead in Vanuatu outer islands Cyclone Pam 436 http http,0,displaced people and evacuations
➟ Cyclone Pam: dozens feared dead in Vanuatu outer islands Cyclone Pam 436 http http,0,infrastructure and utilities damage
➟ Cyclone Pam: dozens feared dead in Vanuatu outer islands Cyclone Pam 436 http http,0,donation needs or offers or volunteering services
➟ Cyclone Pam: dozens feared dead in Vanuatu outer islands Cyclone Pam 436 http http,0,caution and advice
➟ Cyclone Pam: dozens feared dead in Vanuatu outer islands Cyclone Pam 436 http http,0,sympathy and emotional support
sparkles red heart [#BARBIOJM] red heart sparkles Scores Killed in Flooding in Nepal and India http,0,information
sparkles red heart [#BARBIOJM] red heart sparkles Scores Killed in Flooding in Nepal and India http,0,information
sparkles red heart [#BARBIOJM] red heart sparkles Scores Killed in Flooding in Nepal and India http,0,information
sparkles red heart [#BARBIOJM] red heart sparkles Scores Killed in Flooding in Nepal and India http,0,information
sparkles red heart [#BARBIOJM] red heart sparkles Scores Killed in Flooding in Nepal and India http,0,information
sparkles red heart [#BARBIOJM] red heart sparkles Scores Killed in Flooding in Nepal and India http,0,someone dead
sparkles red heart [#BARBIOJM] red heart sparkles Scores Killed in Flooding in Nepal and India http,0,someone injured
sparkles red heart [#BARBIOJM] red heart sparkles Scores Killed in Flooding in Nepal and India http,0,someone missing or found
sparkles red heart [#BARBIOJM] red heart sparkles Scores Killed in Flooding in Nepal and India http,0,people displaced
sparkles red heart [#BARBIOJM] red heart sparkles Scores Killed in Flooding in Nepal and India http,0,something damage
sparkles red heart [#BARBIOJM] red heart sparkles Scores Killed in Flooding in Nepal and India http,0,emotional support and put others in mind
sparkles red heart [#BARBIOJM] red heart sparkles Scores Killed in Flooding in Nepal and India http,0,injured or dead people
sparkles red heart [#BARBIOJM] red heart sparkles Scores Killed in Flooding in Nepal and India http,0,missing trapped or found people
sparkles red heart [#BARBIOJM] red heart sparkles Scores Killed in Flooding in Nepal and India http,0,displaced people and evacuations
sparkles red heart [#BARBIOJM] red heart sparkles Scores Killed in Flooding in Nepal and India http,0,infrastructure and utilities damage
sparkles red heart [#BARBIOJM] red heart sparkles Scores Killed in Flooding in Nepal and India http,0,donation needs or offers or volunteering services
sparkles red heart [#BARBIOJM] red heart sparkles Scores Killed in Flooding in Nepal and India http,0,caution and advice
sparkles red heart [#BARBIOJM] red heart sparkles Scores Killed in Flooding in Nepal and India http,0,sympathy and emotional support
"Landslides, Flooding Kill 109 In Nepal, Northern India: The death toll from landslides and floodi... http via matt_ews",0,information
"Landslides, Flooding Kill 109 In Nepal, Northern India: The death toll from landslides and floodi... http via matt_ews",0,information
"Landslides, Flooding Kill 109 In Nepal, Northern India: The death toll from landslides and floodi... http via matt_ews",0,information
"Landslides, Flooding Kill 109 In Nepal, Northern India: The death toll from landslides and floodi... http via matt_ews",0,information
"Landslides, Flooding Kill 109 In Nepal, Northern India: The death toll from landslides and floodi... http via matt_ews",0,information
"Landslides, Flooding Kill 109 In Nepal, Northern India: The death toll from landslides and floodi... http via matt_ews",0,someone dead
"Landslides, Flooding Kill 109 In Nepal, Northern India: The death toll from landslides and floodi... http via matt_ews",0,someone injured
"Landslides, Flooding Kill 109 In Nepal, Northern India: The death toll from landslides and floodi... http via matt_ews",0,someone missing or found
"Landslides, Flooding Kill 109 In Nepal, Northern India: The death toll from landslides and floodi... http via matt_ews",0,people displaced
"Landslides, Flooding Kill 109 In Nepal, Northern India: The death toll from landslides and floodi... http via matt_ews",0,something damage
"Landslides, Flooding Kill 109 In Nepal, Northern India: The death toll from landslides and floodi... http via matt_ews",0,emotional support and put others in mind
"Landslides, Flooding Kill 109 In Nepal, Northern India: The death toll from landslides and floodi... http via matt_ews",0,injured or dead people
"Landslides, Flooding Kill 109 In Nepal, Northern India: The death toll from landslides and floodi... http via matt_ews",0,missing trapped or found people
"Landslides, Flooding Kill 109 In Nepal, Northern India: The death toll from landslides and floodi... http via matt_ews",0,displaced people and evacuations
"Landslides, Flooding Kill 109 In Nepal, Northern India: The death toll from landslides and floodi... http via matt_ews",0,infrastructure and utilities damage
"Landslides, Flooding Kill 109 In Nepal, Northern India: The death toll from landslides and floodi... http via matt_ews",0,donation needs or offers or volunteering services
"Landslides, Flooding Kill 109 In Nepal, Northern India: The death toll from landslides and floodi... http via matt_ews",0,caution and advice
"Landslides, Flooding Kill 109 In Nepal, Northern India: The death toll from landslides and floodi... http via matt_ews",0,sympathy and emotional support
"Hundreds dead as monsoon hits India, Nepal:        http",0,information
"Hundreds dead as monsoon hits India, Nepal:        http",0,information
"Hundreds dead as monsoon hits India, Nepal:        http",0,information
"Hundreds dead as monsoon hits India, Nepal:        http",0,information
"Hundreds dead as monsoon hits India, Nepal:        http",0,information
"Hundreds dead as monsoon hits India, Nepal:        http",0,someone dead
"Hundreds dead as monsoon hits India, Nepal:        http",0,someone injured
"Hundreds dead as monsoon hits India, Nepal:        http",0,someone missing or found
"Hundreds dead as monsoon hits India, Nepal:        http",0,people displaced
"Hundreds dead as monsoon hits India, Nepal:        http",0,something damage
"Hundreds dead as monsoon hits India, Nepal:        http",0,emotional support and put others in mind
"Hundreds dead as monsoon hits India, Nepal:        http",0,injured or dead people
"Hundreds dead as monsoon hits India, Nepal:        http",0,missing trapped or found people
"Hundreds dead as monsoon hits India, Nepal:        http",0,displaced people and evacuations
"Hundreds dead as monsoon hits India, Nepal:        http",0,infrastructure and utilities damage
"Hundreds dead as monsoon hits India, Nepal:        http",0,donation needs or offers or volunteering services
"Hundreds dead as monsoon hits India, Nepal:        http",0,caution and advice
"Hundreds dead as monsoon hits India, Nepal:        http",0,sympathy and emotional support
"Hundreds dead as monsoon hits India, Nepal:         http",0,information
"Hundreds dead as monsoon hits India, Nepal:         http",0,information
"Hundreds dead as monsoon hits India, Nepal:         http",0,information
"Hundreds dead as monsoon hits India, Nepal:         http",0,information
"Hundreds dead as monsoon hits India, Nepal:         http",0,information
"Hundreds dead as monsoon hits India, Nepal:         http",0,someone dead
"Hundreds dead as monsoon hits India, Nepal:         http",0,someone injured
"Hundreds dead as monsoon hits India, Nepal:         http",0,someone missing or found
"Hundreds dead as monsoon hits India, Nepal:         http",0,people displaced
"Hundreds dead as monsoon hits India, Nepal:         http",0,something damage
"Hundreds dead as monsoon hits India, Nepal:         http",0,emotional support and put others in mind
"Hundreds dead as monsoon hits India, Nepal:         http",0,injured or dead people
"Hundreds dead as monsoon hits India, Nepal:         http",0,missing trapped or found people
"Hundreds dead as monsoon hits India, Nepal:         http",0,displaced people and evacuations
"Hundreds dead as monsoon hits India, Nepal:         http",0,infrastructure and utilities damage
"Hundreds dead as monsoon hits India, Nepal:         http",0,donation needs or offers or volunteering services
"Hundreds dead as monsoon hits India, Nepal:         http",0,caution and advice
"Hundreds dead as monsoon hits India, Nepal:         http",0,sympathy and emotional support
Happy Birthday to one of the coolest mothers around P A M Ὁ5 http,8,information
Happy Birthday to one of the coolest mothers around P A M Ὁ5 http,8,information
Happy Birthday to one of the coolest mothers around P A M Ὁ5 http,8,information
Happy Birthday to one of the coolest mothers around P A M Ὁ5 http,8,information
Happy Birthday to one of the coolest mothers around P A M Ὁ5 http,8,information
Happy Birthday to one of the coolest mothers around P A M Ὁ5 http,8,someone dead
Happy Birthday to one of the coolest mothers around P A M Ὁ5 http,8,someone injured
Happy Birthday to one of the coolest mothers around P A M Ὁ5 http,8,someone missing or found
Happy Birthday to one of the coolest mothers around P A M Ὁ5 http,8,people displaced
Happy Birthday to one of the coolest mothers around P A M Ὁ5 http,8,something damage
Happy Birthday to one of the coolest mothers around P A M Ὁ5 http,8,emotional support and put others in mind
Happy Birthday to one of the coolest mothers around P A M Ὁ5 http,8,injured or dead people
Happy Birthday to one of the coolest mothers around P A M Ὁ5 http,8,missing trapped or found people
Happy Birthday to one of the coolest mothers around P A M Ὁ5 http,8,displaced people and evacuations
Happy Birthday to one of the coolest mothers around P A M Ὁ5 http,8,infrastructure and utilities damage
Happy Birthday to one of the coolest mothers around P A M Ὁ5 http,8,donation needs or offers or volunteering services
Happy Birthday to one of the coolest mothers around P A M Ὁ5 http,8,caution and advice
Happy Birthday to one of the coolest mothers around P A M Ὁ5 http,8,sympathy and emotional support
"[CNN] Hundreds dead as monsoon hits India, Nepal:        http Talk Magazine N G",0,information
"[CNN] Hundreds dead as monsoon hits India, Nepal:        http Talk Magazine N G",0,information
"[CNN] Hundreds dead as monsoon hits India, Nepal:        http Talk Magazine N G",0,information
"[CNN] Hundreds dead as monsoon hits India, Nepal:        http Talk Magazine N G",0,information
"[CNN] Hundreds dead as monsoon hits India, Nepal:        http Talk Magazine N G",0,information
"[CNN] Hundreds dead as monsoon hits India, Nepal:        http Talk Magazine N G",0,someone dead
"[CNN] Hundreds dead as monsoon hits India, Nepal:        http Talk Magazine N G",0,someone injured
"[CNN] Hundreds dead as monsoon hits India, Nepal:        http Talk Magazine N G",0,someone missing or found
"[CNN] Hundreds dead as monsoon hits India, Nepal:        http Talk Magazine N G",0,people displaced
"[CNN] Hundreds dead as monsoon hits India, Nepal:        http Talk Magazine N G",0,something damage
"[CNN] Hundreds dead as monsoon hits India, Nepal:        http Talk Magazine N G",0,emotional support and put others in mind
"[CNN] Hundreds dead as monsoon hits India, Nepal:        http Talk Magazine N G",0,injured or dead people
"[CNN] Hundreds dead as monsoon hits India, Nepal:        http Talk Magazine N G",0,missing trapped or found people
"[CNN] Hundreds dead as monsoon hits India, Nepal:        http Talk Magazine N G",0,displaced people and evacuations
"[CNN] Hundreds dead as monsoon hits India, Nepal:        http Talk Magazine N G",0,infrastructure and utilities damage
"[CNN] Hundreds dead as monsoon hits India, Nepal:        http Talk Magazine N G",0,donation needs or offers or volunteering services
"[CNN] Hundreds dead as monsoon hits India, Nepal:        http Talk Magazine N G",0,caution and advice
"[CNN] Hundreds dead as monsoon hits India, Nepal:        http Talk Magazine N G",0,sympathy and emotional support
"News: 180 dead as floods wash away homes in Nepal, India: KATMANDU, Nepal (AP) — Author... http http",0,information
"News: 180 dead as floods wash away homes in Nepal, India: KATMANDU, Nepal (AP) — Author... http http",0,information
"News: 180 dead as floods wash away homes in Nepal, India: KATMANDU, Nepal (AP) — Author... http http",0,information
"News: 180 dead as floods wash away homes in Nepal, India: KATMANDU, Nepal (AP) — Author... http http",0,information
"News: 180 dead as floods wash away homes in Nepal, India: KATMANDU, Nepal (AP) — Author... http http",0,information
"News: 180 dead as floods wash away homes in Nepal, India: KATMANDU, Nepal (AP) — Author... http http",0,someone dead
"News: 180 dead as floods wash away homes in Nepal, India: KATMANDU, Nepal (AP) — Author... http http",0,someone injured
"News: 180 dead as floods wash away homes in Nepal, India: KATMANDU, Nepal (AP) — Author... http http",0,someone missing or found
"News: 180 dead as floods wash away homes in Nepal, India: KATMANDU, Nepal (AP) — Author... http http",0,people displaced
"News: 180 dead as floods wash away homes in Nepal, India: KATMANDU, Nepal (AP) — Author... http http",0,something damage
"News: 180 dead as floods wash away homes in Nepal, India: KATMANDU, Nepal (AP) — Author... http http",0,emotional support and put others in mind
"News: 180 dead as floods wash away homes in Nepal, India: KATMANDU, Nepal (AP) — Author... http http",0,injured or dead people
"News: 180 dead as floods wash away homes in Nepal, India: KATMANDU, Nepal (AP) — Author... http http",0,missing trapped or found people
"News: 180 dead as floods wash away homes in Nepal, India: KATMANDU, Nepal (AP) — Author... http http",0,displaced people and evacuations
"News: 180 dead as floods wash away homes in Nepal, India: KATMANDU, Nepal (AP) — Author... http http",0,infrastructure and utilities damage
"News: 180 dead as floods wash away homes in Nepal, India: KATMANDU, Nepal (AP) — Author... http http",0,donation needs or offers or volunteering services
"News: 180 dead as floods wash away homes in Nepal, India: KATMANDU, Nepal (AP) — Author... http http",0,caution and advice
"News: 180 dead as floods wash away homes in Nepal, India: KATMANDU, Nepal (AP) — Author... http http",0,sympathy and emotional support
Dozens killed as monsoon floods ravage India and Nepal http,0,information
Dozens killed as monsoon floods ravage India and Nepal http,0,information
Dozens killed as monsoon floods ravage India and Nepal http,0,information
Dozens killed as monsoon floods ravage India and Nepal http,0,information
Dozens killed as monsoon floods ravage India and Nepal http,0,information
Dozens killed as monsoon floods ravage India and Nepal http,0,someone dead
Dozens killed as monsoon floods ravage India and Nepal http,0,someone injured
Dozens killed as monsoon floods ravage India and Nepal http,0,someone missing or found
Dozens killed as monsoon floods ravage India and Nepal http,0,people displaced
Dozens killed as monsoon floods ravage India and Nepal http,0,something damage
Dozens killed as monsoon floods ravage India and Nepal http,0,emotional support and put others in mind
Dozens killed as monsoon floods ravage India and Nepal http,0,injured or dead people
Dozens killed as monsoon floods ravage India and Nepal http,0,missing trapped or found people
Dozens killed as monsoon floods ravage India and Nepal http,0,displaced people and evacuations
Dozens killed as monsoon floods ravage India and Nepal http,0,infrastructure and utilities damage
Dozens killed as monsoon floods ravage India and Nepal http,0,donation needs or offers or volunteering services
Dozens killed as monsoon floods ravage India and Nepal http,0,caution and advice
Dozens killed as monsoon floods ravage India and Nepal http,0,sympathy and emotional support
An 8.2-magnitude earthquake off Chile killed 5 people last night. And scientists say the worst may be still to come: http,0,information
An 8.2-magnitude earthquake off Chile killed 5 people last night. And scientists say the worst may be still to come: http,0,information
An 8.2-magnitude earthquake off Chile killed 5 people last night. And scientists say the worst may be still to come: http,0,information
An 8.2-magnitude earthquake off Chile killed 5 people last night. And scientists say the worst may be still to come: http,0,information
An 8.2-magnitude earthquake off Chile killed 5 people last night. And scientists say the worst may be still to come: http,0,information
An 8.2-magnitude earthquake off Chile killed 5 people last night. And scientists say the worst may be still to come: http,0,someone dead
An 8.2-magnitude earthquake off Chile killed 5 people last night. And scientists say the worst may be still to come: http,0,someone injured
An 8.2-magnitude earthquake off Chile killed 5 people last night. And scientists say the worst may be still to come: http,0,someone missing or found
An 8.2-magnitude earthquake off Chile killed 5 people last night. And scientists say the worst may be still to come: http,0,people displaced
An 8.2-magnitude earthquake off Chile killed 5 people last night. And scientists say the worst may be still to come: http,0,something damage
An 8.2-magnitude earthquake off Chile killed 5 people last night. And scientists say the worst may be still to come: http,0,emotional support and put others in mind
An 8.2-magnitude earthquake off Chile killed 5 people last night. And scientists say the worst may be still to come: http,0,injured or dead people
An 8.2-magnitude earthquake off Chile killed 5 people last night. And scientists say the worst may be still to come: http,0,missing trapped or found people
An 8.2-magnitude earthquake off Chile killed 5 people last night. And scientists say the worst may be still to come: http,0,displaced people and evacuations
An 8.2-magnitude earthquake off Chile killed 5 people last night. And scientists say the worst may be still to come: http,0,infrastructure and utilities damage
An 8.2-magnitude earthquake off Chile killed 5 people last night. And scientists say the worst may be still to come: http,0,donation needs or offers or volunteering services
An 8.2-magnitude earthquake off Chile killed 5 people last night. And scientists say the worst may be still to come: http,0,caution and advice
An 8.2-magnitude earthquake off Chile killed 5 people last night. And scientists say the worst may be still to come: http,0,sympathy and emotional support
"(#YorkReye) Hundreds dead as monsoon hits India, Nepal:        http",0,information
"(#YorkReye) Hundreds dead as monsoon hits India, Nepal:        http",0,information
"(#YorkReye) Hundreds dead as monsoon hits India, Nepal:        http",0,information
"(#YorkReye) Hundreds dead as monsoon hits India, Nepal:        http",0,information
"(#YorkReye) Hundreds dead as monsoon hits India, Nepal:        http",0,information
"(#YorkReye) Hundreds dead as monsoon hits India, Nepal:        http",0,someone dead
"(#YorkReye) Hundreds dead as monsoon hits India, Nepal:        http",0,someone injured
"(#YorkReye) Hundreds dead as monsoon hits India, Nepal:        http",0,someone missing or found
"(#YorkReye) Hundreds dead as monsoon hits India, Nepal:        http",0,people displaced
"(#YorkReye) Hundreds dead as monsoon hits India, Nepal:        http",0,something damage
"(#YorkReye) Hundreds dead as monsoon hits India, Nepal:        http",0,emotional support and put others in mind
"(#YorkReye) Hundreds dead as monsoon hits India, Nepal:        http",0,injured or dead people
"(#YorkReye) Hundreds dead as monsoon hits India, Nepal:        http",0,missing trapped or found people
"(#YorkReye) Hundreds dead as monsoon hits India, Nepal:        http",0,displaced people and evacuations
"(#YorkReye) Hundreds dead as monsoon hits India, Nepal:        http",0,infrastructure and utilities damage
"(#YorkReye) Hundreds dead as monsoon hits India, Nepal:        http",0,donation needs or offers or volunteering services
"(#YorkReye) Hundreds dead as monsoon hits India, Nepal:        http",0,caution and advice
"(#YorkReye) Hundreds dead as monsoon hits India, Nepal:        http",0,sympathy and emotional support
Pakistan 17 killed in bus bombing  http via,8,information
Pakistan 17 killed in bus bombing  http via,8,information
Pakistan 17 killed in bus bombing  http via,8,information
Pakistan 17 killed in bus bombing  http via,8,information
Pakistan 17 killed in bus bombing  http via,8,information
Pakistan 17 killed in bus bombing  http via,8,someone dead
Pakistan 17 killed in bus bombing  http via,8,someone injured
Pakistan 17 killed in bus bombing  http via,8,someone missing or found
Pakistan 17 killed in bus bombing  http via,8,people displaced
Pakistan 17 killed in bus bombing  http via,8,something damage
Pakistan 17 killed in bus bombing  http via,8,emotional support and put others in mind
Pakistan 17 killed in bus bombing  http via,8,injured or dead people
Pakistan 17 killed in bus bombing  http via,8,missing trapped or found people
Pakistan 17 killed in bus bombing  http via,8,displaced people and evacuations
Pakistan 17 killed in bus bombing  http via,8,infrastructure and utilities damage
Pakistan 17 killed in bus bombing  http via,8,donation needs or offers or volunteering services
Pakistan 17 killed in bus bombing  http via,8,caution and advice
Pakistan 17 killed in bus bombing  http via,8,sympathy and emotional support
Cyclone over in the something islands killed 6 people. Damn.,0,information
Cyclone over in the something islands killed 6 people. Damn.,0,information
Cyclone over in the something islands killed 6 people. Damn.,0,information
Cyclone over in the something islands killed 6 people. Damn.,0,information
Cyclone over in the something islands killed 6 people. Damn.,0,information
Cyclone over in the something islands killed 6 people. Damn.,0,someone dead
Cyclone over in the something islands killed 6 people. Damn.,0,someone injured
Cyclone over in the something islands killed 6 people. Damn.,0,someone missing or found
Cyclone over in the something islands killed 6 people. Damn.,0,people displaced
Cyclone over in the something islands killed 6 people. Damn.,0,something damage
Cyclone over in the something islands killed 6 people. Damn.,0,emotional support and put others in mind
Cyclone over in the something islands killed 6 people. Damn.,0,injured or dead people
Cyclone over in the something islands killed 6 people. Damn.,0,missing trapped or found people
Cyclone over in the something islands killed 6 people. Damn.,0,displaced people and evacuations
Cyclone over in the something islands killed 6 people. Damn.,0,infrastructure and utilities damage
Cyclone over in the something islands killed 6 people. Damn.,0,donation needs or offers or volunteering services
Cyclone over in the something islands killed 6 people. Damn.,0,caution and advice
Cyclone over in the something islands killed 6 people. Damn.,0,sympathy and emotional support
"Stay Inform Hundreds Dead as Monsoon Brings Chaos to Northern India, Nepal: Heavy rains in... http  Stay Inform",0,information
"Stay Inform Hundreds Dead as Monsoon Brings Chaos to Northern India, Nepal: Heavy rains in... http  Stay Inform",0,information
"Stay Inform Hundreds Dead as Monsoon Brings Chaos to Northern India, Nepal: Heavy rains in... http  Stay Inform",0,information
"Stay Inform Hundreds Dead as Monsoon Brings Chaos to Northern India, Nepal: Heavy rains in... http  Stay Inform",0,information
"Stay Inform Hundreds Dead as Monsoon Brings Chaos to Northern India, Nepal: Heavy rains in... http  Stay Inform",0,information
"Stay Inform Hundreds Dead as Monsoon Brings Chaos to Northern India, Nepal: Heavy rains in... http  Stay Inform",0,someone dead
"Stay Inform Hundreds Dead as Monsoon Brings Chaos to Northern India, Nepal: Heavy rains in... http  Stay Inform",0,someone injured
"Stay Inform Hundreds Dead as Monsoon Brings Chaos to Northern India, Nepal: Heavy rains in... http  Stay Inform",0,someone missing or found
"Stay Inform Hundreds Dead as Monsoon Brings Chaos to Northern India, Nepal: Heavy rains in... http  Stay Inform",0,people displaced
"Stay Inform Hundreds Dead as Monsoon Brings Chaos to Northern India, Nepal: Heavy rains in... http  Stay Inform",0,something damage
"Stay Inform Hundreds Dead as Monsoon Brings Chaos to Northern India, Nepal: Heavy rains in... http  Stay Inform",0,emotional support and put others in mind
"Stay Inform Hundreds Dead as Monsoon Brings Chaos to Northern India, Nepal: Heavy rains in... http  Stay Inform",0,injured or dead people
"Stay Inform Hundreds Dead as Monsoon Brings Chaos to Northern India, Nepal: Heavy rains in... http  Stay Inform",0,missing trapped or found people
"Stay Inform Hundreds Dead as Monsoon Brings Chaos to Northern India, Nepal: Heavy rains in... http  Stay Inform",0,displaced people and evacuations
"Stay Inform Hundreds Dead as Monsoon Brings Chaos to Northern India, Nepal: Heavy rains in... http  Stay Inform",0,infrastructure and utilities damage
"Stay Inform Hundreds Dead as Monsoon Brings Chaos to Northern India, Nepal: Heavy rains in... http  Stay Inform",0,donation needs or offers or volunteering services
"Stay Inform Hundreds Dead as Monsoon Brings Chaos to Northern India, Nepal: Heavy rains in... http  Stay Inform",0,caution and advice
"Stay Inform Hundreds Dead as Monsoon Brings Chaos to Northern India, Nepal: Heavy rains in... http  Stay Inform",0,sympathy and emotional support
"180 Dead as Floods Wash Away Homes in Nepal, India - ABC News: BBC News180 Dead as... http",0,information
"180 Dead as Floods Wash Away Homes in Nepal, India - ABC News: BBC News180 Dead as... http",0,information
"180 Dead as Floods Wash Away Homes in Nepal, India - ABC News: BBC News180 Dead as... http",0,information
"180 Dead as Floods Wash Away Homes in Nepal, India - ABC News: BBC News180 Dead as... http",0,information
"180 Dead as Floods Wash Away Homes in Nepal, India - ABC News: BBC News180 Dead as... http",0,information
"180 Dead as Floods Wash Away Homes in Nepal, India - ABC News: BBC News180 Dead as... http",0,someone dead
"180 Dead as Floods Wash Away Homes in Nepal, India - ABC News: BBC News180 Dead as... http",0,someone injured
"180 Dead as Floods Wash Away Homes in Nepal, India - ABC News: BBC News180 Dead as... http",0,someone missing or found
"180 Dead as Floods Wash Away Homes in Nepal, India - ABC News: BBC News180 Dead as... http",0,people displaced
"180 Dead as Floods Wash Away Homes in Nepal, India - ABC News: BBC News180 Dead as... http",0,something damage
"180 Dead as Floods Wash Away Homes in Nepal, India - ABC News: BBC News180 Dead as... http",0,emotional support and put others in mind
"180 Dead as Floods Wash Away Homes in Nepal, India - ABC News: BBC News180 Dead as... http",0,injured or dead people
"180 Dead as Floods Wash Away Homes in Nepal, India - ABC News: BBC News180 Dead as... http",0,missing trapped or found people
"180 Dead as Floods Wash Away Homes in Nepal, India - ABC News: BBC News180 Dead as... http",0,displaced people and evacuations
"180 Dead as Floods Wash Away Homes in Nepal, India - ABC News: BBC News180 Dead as... http",0,infrastructure and utilities damage
"180 Dead as Floods Wash Away Homes in Nepal, India - ABC News: BBC News180 Dead as... http",0,donation needs or offers or volunteering services
"180 Dead as Floods Wash Away Homes in Nepal, India - ABC News: BBC News180 Dead as... http",0,caution and advice
"180 Dead as Floods Wash Away Homes in Nepal, India - ABC News: BBC News180 Dead as... http",0,sympathy and emotional support
"(#FernandoMVP_) Scores Killed in Flooding in Nepal and India: More than 11,000 homes have been... http (#FernandoMVP_)",3,information
"(#FernandoMVP_) Scores Killed in Flooding in Nepal and India: More than 11,000 homes have been... http (#FernandoMVP_)",3,information
"(#FernandoMVP_) Scores Killed in Flooding in Nepal and India: More than 11,000 homes have been... http (#FernandoMVP_)",3,information
"(#FernandoMVP_) Scores Killed in Flooding in Nepal and India: More than 11,000 homes have been... http (#FernandoMVP_)",3,information
"(#FernandoMVP_) Scores Killed in Flooding in Nepal and India: More than 11,000 homes have been... http (#FernandoMVP_)",3,information
"(#FernandoMVP_) Scores Killed in Flooding in Nepal and India: More than 11,000 homes have been... http (#FernandoMVP_)",3,someone dead
"(#FernandoMVP_) Scores Killed in Flooding in Nepal and India: More than 11,000 homes have been... http (#FernandoMVP_)",3,someone injured
"(#FernandoMVP_) Scores Killed in Flooding in Nepal and India: More than 11,000 homes have been... http (#FernandoMVP_)",3,someone missing or found
"(#FernandoMVP_) Scores Killed in Flooding in Nepal and India: More than 11,000 homes have been... http (#FernandoMVP_)",3,people displaced
"(#FernandoMVP_) Scores Killed in Flooding in Nepal and India: More than 11,000 homes have been... http (#FernandoMVP_)",3,something damage
"(#FernandoMVP_) Scores Killed in Flooding in Nepal and India: More than 11,000 homes have been... http (#FernandoMVP_)",3,emotional support and put others in mind
"(#FernandoMVP_) Scores Killed in Flooding in Nepal and India: More than 11,000 homes have been... http (#FernandoMVP_)",3,injured or dead people
"(#FernandoMVP_) Scores Killed in Flooding in Nepal and India: More than 11,000 homes have been... http (#FernandoMVP_)",3,missing trapped or found people
"(#FernandoMVP_) Scores Killed in Flooding in Nepal and India: More than 11,000 homes have been... http (#FernandoMVP_)",3,displaced people and evacuations
"(#FernandoMVP_) Scores Killed in Flooding in Nepal and India: More than 11,000 homes have been... http (#FernandoMVP_)",3,infrastructure and utilities damage
"(#FernandoMVP_) Scores Killed in Flooding in Nepal and India: More than 11,000 homes have been... http (#FernandoMVP_)",3,donation needs or offers or volunteering services
"(#FernandoMVP_) Scores Killed in Flooding in Nepal and India: More than 11,000 homes have been... http (#FernandoMVP_)",3,caution and advice
"(#FernandoMVP_) Scores Killed in Flooding in Nepal and India: More than 11,000 homes have been... http (#FernandoMVP_)",3,sympathy and emotional support
"The destruction in Labach, a village in Awaran district. 3 ppl were killed and 52 injured http",0,information
"The destruction in Labach, a village in Awaran district. 3 ppl were killed and 52 injured http",0,information
"The destruction in Labach, a village in Awaran district. 3 ppl were killed and 52 injured http",0,information
"The destruction in Labach, a village in Awaran district. 3 ppl were killed and 52 injured http",0,information
"The destruction in Labach, a village in Awaran district. 3 ppl were killed and 52 injured http",0,information
"The destruction in Labach, a village in Awaran district. 3 ppl were killed and 52 injured http",0,someone dead
"The destruction in Labach, a village in Awaran district. 3 ppl were killed and 52 injured http",0,someone injured
"The destruction in Labach, a village in Awaran district. 3 ppl were killed and 52 injured http",0,someone missing or found
"The destruction in Labach, a village in Awaran district. 3 ppl were killed and 52 injured http",0,people displaced
"The destruction in Labach, a village in Awaran district. 3 ppl were killed and 52 injured http",0,something damage
"The destruction in Labach, a village in Awaran district. 3 ppl were killed and 52 injured http",0,emotional support and put others in mind
"The destruction in Labach, a village in Awaran district. 3 ppl were killed and 52 injured http",0,injured or dead people
"The destruction in Labach, a village in Awaran district. 3 ppl were killed and 52 injured http",0,missing trapped or found people
"The destruction in Labach, a village in Awaran district. 3 ppl were killed and 52 injured http",0,displaced people and evacuations
"The destruction in Labach, a village in Awaran district. 3 ppl were killed and 52 injured http",0,infrastructure and utilities damage
"The destruction in Labach, a village in Awaran district. 3 ppl were killed and 52 injured http",0,donation needs or offers or volunteering services
"The destruction in Labach, a village in Awaran district. 3 ppl were killed and 52 injured http",0,caution and advice
"The destruction in Labach, a village in Awaran district. 3 ppl were killed and 52 injured http",0,sympathy and emotional support
Cyclone Pam: Dozens feared dead in Vanuatu - Sydney Morning Herald http,0,information
Cyclone Pam: Dozens feared dead in Vanuatu - Sydney Morning Herald http,0,information
Cyclone Pam: Dozens feared dead in Vanuatu - Sydney Morning Herald http,0,information
Cyclone Pam: Dozens feared dead in Vanuatu - Sydney Morning Herald http,0,information
Cyclone Pam: Dozens feared dead in Vanuatu - Sydney Morning Herald http,0,information
Cyclone Pam: Dozens feared dead in Vanuatu - Sydney Morning Herald http,0,someone dead
Cyclone Pam: Dozens feared dead in Vanuatu - Sydney Morning Herald http,0,someone injured
Cyclone Pam: Dozens feared dead in Vanuatu - Sydney Morning Herald http,0,someone missing or found
Cyclone Pam: Dozens feared dead in Vanuatu - Sydney Morning Herald http,0,people displaced
Cyclone Pam: Dozens feared dead in Vanuatu - Sydney Morning Herald http,0,something damage
Cyclone Pam: Dozens feared dead in Vanuatu - Sydney Morning Herald http,0,emotional support and put others in mind
Cyclone Pam: Dozens feared dead in Vanuatu - Sydney Morning Herald http,0,injured or dead people
Cyclone Pam: Dozens feared dead in Vanuatu - Sydney Morning Herald http,0,missing trapped or found people
Cyclone Pam: Dozens feared dead in Vanuatu - Sydney Morning Herald http,0,displaced people and evacuations
Cyclone Pam: Dozens feared dead in Vanuatu - Sydney Morning Herald http,0,infrastructure and utilities damage
Cyclone Pam: Dozens feared dead in Vanuatu - Sydney Morning Herald http,0,donation needs or offers or volunteering services
Cyclone Pam: Dozens feared dead in Vanuatu - Sydney Morning Herald http,0,caution and advice
Cyclone Pam: Dozens feared dead in Vanuatu - Sydney Morning Herald http,0,sympathy and emotional support
"USA » NEWS » http HOT NEWS 102 earthquake Dozens injured, 6 critically, after strong earthquake in Califo…",0,information
"USA » NEWS » http HOT NEWS 102 earthquake Dozens injured, 6 critically, after strong earthquake in Califo…",0,information
"USA » NEWS » http HOT NEWS 102 earthquake Dozens injured, 6 critically, after strong earthquake in Califo…",0,information
"USA » NEWS » http HOT NEWS 102 earthquake Dozens injured, 6 critically, after strong earthquake in Califo…",0,information
"USA » NEWS » http HOT NEWS 102 earthquake Dozens injured, 6 critically, after strong earthquake in Califo…",0,information
"USA » NEWS » http HOT NEWS 102 earthquake Dozens injured, 6 critically, after strong earthquake in Califo…",0,someone dead
"USA » NEWS » http HOT NEWS 102 earthquake Dozens injured, 6 critically, after strong earthquake in Califo…",0,someone injured
"USA » NEWS » http HOT NEWS 102 earthquake Dozens injured, 6 critically, after strong earthquake in Califo…",0,someone missing or found
"USA » NEWS » http HOT NEWS 102 earthquake Dozens injured, 6 critically, after strong earthquake in Califo…",0,people displaced
"USA » NEWS » http HOT NEWS 102 earthquake Dozens injured, 6 critically, after strong earthquake in Califo…",0,something damage
"USA » NEWS » http HOT NEWS 102 earthquake Dozens injured, 6 critically, after strong earthquake in Califo…",0,emotional support and put others in mind
"USA » NEWS » http HOT NEWS 102 earthquake Dozens injured, 6 critically, after strong earthquake in Califo…",0,injured or dead people
"USA » NEWS » http HOT NEWS 102 earthquake Dozens injured, 6 critically, after strong earthquake in Califo…",0,missing trapped or found people
"USA » NEWS » http HOT NEWS 102 earthquake Dozens injured, 6 critically, after strong earthquake in Califo…",0,displaced people and evacuations
"USA » NEWS » http HOT NEWS 102 earthquake Dozens injured, 6 critically, after strong earthquake in Califo…",0,infrastructure and utilities damage
"USA » NEWS » http HOT NEWS 102 earthquake Dozens injured, 6 critically, after strong earthquake in Califo…",0,donation needs or offers or volunteering services
"USA » NEWS » http HOT NEWS 102 earthquake Dozens injured, 6 critically, after strong earthquake in Califo…",0,caution and advice
"USA » NEWS » http HOT NEWS 102 earthquake Dozens injured, 6 critically, after strong earthquake in Califo…",0,sympathy and emotional support
"(#TeamKhalifa) Scores Killed in Flooding in Nepal and India: More than 11,000 homes have been d... http (#TeamKhalifa)",0,information
"(#TeamKhalifa) Scores Killed in Flooding in Nepal and India: More than 11,000 homes have been d... http (#TeamKhalifa)",0,information
"(#TeamKhalifa) Scores Killed in Flooding in Nepal and India: More than 11,000 homes have been d... http (#TeamKhalifa)",0,information
"(#TeamKhalifa) Scores Killed in Flooding in Nepal and India: More than 11,000 homes have been d... http (#TeamKhalifa)",0,information
"(#TeamKhalifa) Scores Killed in Flooding in Nepal and India: More than 11,000 homes have been d... http (#TeamKhalifa)",0,information
"(#TeamKhalifa) Scores Killed in Flooding in Nepal and India: More than 11,000 homes have been d... http (#TeamKhalifa)",0,someone dead
"(#TeamKhalifa) Scores Killed in Flooding in Nepal and India: More than 11,000 homes have been d... http (#TeamKhalifa)",0,someone injured
"(#TeamKhalifa) Scores Killed in Flooding in Nepal and India: More than 11,000 homes have been d... http (#TeamKhalifa)",0,someone missing or found
"(#TeamKhalifa) Scores Killed in Flooding in Nepal and India: More than 11,000 homes have been d... http (#TeamKhalifa)",0,people displaced
"(#TeamKhalifa) Scores Killed in Flooding in Nepal and India: More than 11,000 homes have been d... http (#TeamKhalifa)",0,something damage
"(#TeamKhalifa) Scores Killed in Flooding in Nepal and India: More than 11,000 homes have been d... http (#TeamKhalifa)",0,emotional support and put others in mind
"(#TeamKhalifa) Scores Killed in Flooding in Nepal and India: More than 11,000 homes have been d... http (#TeamKhalifa)",0,injured or dead people
"(#TeamKhalifa) Scores Killed in Flooding in Nepal and India: More than 11,000 homes have been d... http (#TeamKhalifa)",0,missing trapped or found people
"(#TeamKhalifa) Scores Killed in Flooding in Nepal and India: More than 11,000 homes have been d... http (#TeamKhalifa)",0,displaced people and evacuations
"(#TeamKhalifa) Scores Killed in Flooding in Nepal and India: More than 11,000 homes have been d... http (#TeamKhalifa)",0,infrastructure and utilities damage
"(#TeamKhalifa) Scores Killed in Flooding in Nepal and India: More than 11,000 homes have been d... http (#TeamKhalifa)",0,donation needs or offers or volunteering services
"(#TeamKhalifa) Scores Killed in Flooding in Nepal and India: More than 11,000 homes have been d... http (#TeamKhalifa)",0,caution and advice
"(#TeamKhalifa) Scores Killed in Flooding in Nepal and India: More than 11,000 homes have been d... http (#TeamKhalifa)",0,sympathy and emotional support
"Scores Killed in Flooding in Nepal and India: More than 11,000 homes have been damaged ... http http",0,information
"Scores Killed in Flooding in Nepal and India: More than 11,000 homes have been damaged ... http http",0,information
"Scores Killed in Flooding in Nepal and India: More than 11,000 homes have been damaged ... http http",0,information
"Scores Killed in Flooding in Nepal and India: More than 11,000 homes have been damaged ... http http",0,information
"Scores Killed in Flooding in Nepal and India: More than 11,000 homes have been damaged ... http http",0,information
"Scores Killed in Flooding in Nepal and India: More than 11,000 homes have been damaged ... http http",0,someone dead
"Scores Killed in Flooding in Nepal and India: More than 11,000 homes have been damaged ... http http",0,someone injured
"Scores Killed in Flooding in Nepal and India: More than 11,000 homes have been damaged ... http http",0,someone missing or found
"Scores Killed in Flooding in Nepal and India: More than 11,000 homes have been damaged ... http http",0,people displaced
"Scores Killed in Flooding in Nepal and India: More than 11,000 homes have been damaged ... http http",0,something damage
"Scores Killed in Flooding in Nepal and India: More than 11,000 homes have been damaged ... http http",0,emotional support and put others in mind
"Scores Killed in Flooding in Nepal and India: More than 11,000 homes have been damaged ... http http",0,injured or dead people
"Scores Killed in Flooding in Nepal and India: More than 11,000 homes have been damaged ... http http",0,missing trapped or found people
"Scores Killed in Flooding in Nepal and India: More than 11,000 homes have been damaged ... http http",0,displaced people and evacuations
"Scores Killed in Flooding in Nepal and India: More than 11,000 homes have been damaged ... http http",0,infrastructure and utilities damage
"Scores Killed in Flooding in Nepal and India: More than 11,000 homes have been damaged ... http http",0,donation needs or offers or volunteering services
"Scores Killed in Flooding in Nepal and India: More than 11,000 homes have been damaged ... http http",0,caution and advice
"Scores Killed in Flooding in Nepal and India: More than 11,000 homes have been damaged ... http http",0,sympathy and emotional support
Joints!     http,8,information
Joints!     http,8,information
Joints!     http,8,information
Joints!     http,8,information
Joints!     http,8,information
Joints!     http,8,someone dead
Joints!     http,8,someone injured
Joints!     http,8,someone missing or found
Joints!     http,8,people displaced
Joints!     http,8,something damage
Joints!     http,8,emotional support and put others in mind
Joints!     http,8,injured or dead people
Joints!     http,8,missing trapped or found people
Joints!     http,8,displaced people and evacuations
Joints!     http,8,infrastructure and utilities damage
Joints!     http,8,donation needs or offers or volunteering services
Joints!     http,8,caution and advice
Joints!     http,8,sympathy and emotional support
"Monsoon Floods Hit North India, 28 Dead, Thousands Displaced - Voice of America: Voice of Ame... http",0,information
"Monsoon Floods Hit North India, 28 Dead, Thousands Displaced - Voice of America: Voice of Ame... http",0,information
"Monsoon Floods Hit North India, 28 Dead, Thousands Displaced - Voice of America: Voice of Ame... http",0,information
"Monsoon Floods Hit North India, 28 Dead, Thousands Displaced - Voice of America: Voice of Ame... http",0,information
"Monsoon Floods Hit North India, 28 Dead, Thousands Displaced - Voice of America: Voice of Ame... http",0,information
"Monsoon Floods Hit North India, 28 Dead, Thousands Displaced - Voice of America: Voice of Ame... http",0,someone dead
"Monsoon Floods Hit North India, 28 Dead, Thousands Displaced - Voice of America: Voice of Ame... http",0,someone injured
"Monsoon Floods Hit North India, 28 Dead, Thousands Displaced - Voice of America: Voice of Ame... http",0,someone missing or found
"Monsoon Floods Hit North India, 28 Dead, Thousands Displaced - Voice of America: Voice of Ame... http",0,people displaced
"Monsoon Floods Hit North India, 28 Dead, Thousands Displaced - Voice of America: Voice of Ame... http",0,something damage
"Monsoon Floods Hit North India, 28 Dead, Thousands Displaced - Voice of America: Voice of Ame... http",0,emotional support and put others in mind
"Monsoon Floods Hit North India, 28 Dead, Thousands Displaced - Voice of America: Voice of Ame... http",0,injured or dead people
"Monsoon Floods Hit North India, 28 Dead, Thousands Displaced - Voice of America: Voice of Ame... http",0,missing trapped or found people
"Monsoon Floods Hit North India, 28 Dead, Thousands Displaced - Voice of America: Voice of Ame... http",0,displaced people and evacuations
"Monsoon Floods Hit North India, 28 Dead, Thousands Displaced - Voice of America: Voice of Ame... http",0,infrastructure and utilities damage
"Monsoon Floods Hit North India, 28 Dead, Thousands Displaced - Voice of America: Voice of Ame... http",0,donation needs or offers or volunteering services
"Monsoon Floods Hit North India, 28 Dead, Thousands Displaced - Voice of America: Voice of Ame... http",0,caution and advice
"Monsoon Floods Hit North India, 28 Dead, Thousands Displaced - Voice of America: Voice of Ame... http",0,sympathy and emotional support
Many dead in Nepal and India floods  BBC News - BBC NewsAt least 160 people are reported to have been kil... http,0,information
Many dead in Nepal and India floods  BBC News - BBC NewsAt least 160 people are reported to have been kil... http,0,information
Many dead in Nepal and India floods  BBC News - BBC NewsAt least 160 people are reported to have been kil... http,0,information
Many dead in Nepal and India floods  BBC News - BBC NewsAt least 160 people are reported to have been kil... http,0,information
Many dead in Nepal and India floods  BBC News - BBC NewsAt least 160 people are reported to have been kil... http,0,information
Many dead in Nepal and India floods  BBC News - BBC NewsAt least 160 people are reported to have been kil... http,0,someone dead
Many dead in Nepal and India floods  BBC News - BBC NewsAt least 160 people are reported to have been kil... http,0,someone injured
Many dead in Nepal and India floods  BBC News - BBC NewsAt least 160 people are reported to have been kil... http,0,someone missing or found
Many dead in Nepal and India floods  BBC News - BBC NewsAt least 160 people are reported to have been kil... http,0,people displaced
Many dead in Nepal and India floods  BBC News - BBC NewsAt least 160 people are reported to have been kil... http,0,something damage
Many dead in Nepal and India floods  BBC News - BBC NewsAt least 160 people are reported to have been kil... http,0,emotional support and put others in mind
Many dead in Nepal and India floods  BBC News - BBC NewsAt least 160 people are reported to have been kil... http,0,injured or dead people
Many dead in Nepal and India floods  BBC News - BBC NewsAt least 160 people are reported to have been kil... http,0,missing trapped or found people
Many dead in Nepal and India floods  BBC News - BBC NewsAt least 160 people are reported to have been kil... http,0,displaced people and evacuations
Many dead in Nepal and India floods  BBC News - BBC NewsAt least 160 people are reported to have been kil... http,0,infrastructure and utilities damage
Many dead in Nepal and India floods  BBC News - BBC NewsAt least 160 people are reported to have been kil... http,0,donation needs or offers or volunteering services
Many dead in Nepal and India floods  BBC News - BBC NewsAt least 160 people are reported to have been kil... http,0,caution and advice
Many dead in Nepal and India floods  BBC News - BBC NewsAt least 160 people are reported to have been kil... http,0,sympathy and emotional support
Are'u the painter Paul?if y'u say yes¡Congratulation,8,information
Are'u the painter Paul?if y'u say yes¡Congratulation,8,information
Are'u the painter Paul?if y'u say yes¡Congratulation,8,information
Are'u the painter Paul?if y'u say yes¡Congratulation,8,information
Are'u the painter Paul?if y'u say yes¡Congratulation,8,information
Are'u the painter Paul?if y'u say yes¡Congratulation,8,someone dead
Are'u the painter Paul?if y'u say yes¡Congratulation,8,someone injured
Are'u the painter Paul?if y'u say yes¡Congratulation,8,someone missing or found
Are'u the painter Paul?if y'u say yes¡Congratulation,8,people displaced
Are'u the painter Paul?if y'u say yes¡Congratulation,8,something damage
Are'u the painter Paul?if y'u say yes¡Congratulation,8,emotional support and put others in mind
Are'u the painter Paul?if y'u say yes¡Congratulation,8,injured or dead people
Are'u the painter Paul?if y'u say yes¡Congratulation,8,missing trapped or found people
Are'u the painter Paul?if y'u say yes¡Congratulation,8,displaced people and evacuations
Are'u the painter Paul?if y'u say yes¡Congratulation,8,infrastructure and utilities damage
Are'u the painter Paul?if y'u say yes¡Congratulation,8,donation needs or offers or volunteering services
Are'u the painter Paul?if y'u say yes¡Congratulation,8,caution and advice
Are'u the painter Paul?if y'u say yes¡Congratulation,8,sympathy and emotional support
"180 dead as floods wash away homes in Nepal, India (from  http",0,information
"180 dead as floods wash away homes in Nepal, India (from  http",0,information
"180 dead as floods wash away homes in Nepal, India (from  http",0,information
"180 dead as floods wash away homes in Nepal, India (from  http",0,information
"180 dead as floods wash away homes in Nepal, India (from  http",0,information
"180 dead as floods wash away homes in Nepal, India (from  http",0,someone dead
"180 dead as floods wash away homes in Nepal, India (from  http",0,someone injured
"180 dead as floods wash away homes in Nepal, India (from  http",0,someone missing or found
"180 dead as floods wash away homes in Nepal, India (from  http",0,people displaced
"180 dead as floods wash away homes in Nepal, India (from  http",0,something damage
"180 dead as floods wash away homes in Nepal, India (from  http",0,emotional support and put others in mind
"180 dead as floods wash away homes in Nepal, India (from  http",0,injured or dead people
"180 dead as floods wash away homes in Nepal, India (from  http",0,missing trapped or found people
"180 dead as floods wash away homes in Nepal, India (from  http",0,displaced people and evacuations
"180 dead as floods wash away homes in Nepal, India (from  http",0,infrastructure and utilities damage
"180 dead as floods wash away homes in Nepal, India (from  http",0,donation needs or offers or volunteering services
"180 dead as floods wash away homes in Nepal, India (from  http",0,caution and advice
"180 dead as floods wash away homes in Nepal, India (from  http",0,sympathy and emotional support
"India Today: Honour killing: Girl allegedly shot dead by father in UP : North, News In a suspected case of honour... http",8,information
"India Today: Honour killing: Girl allegedly shot dead by father in UP : North, News In a suspected case of honour... http",8,information
"India Today: Honour killing: Girl allegedly shot dead by father in UP : North, News In a suspected case of honour... http",8,information
"India Today: Honour killing: Girl allegedly shot dead by father in UP : North, News In a suspected case of honour... http",8,information
"India Today: Honour killing: Girl allegedly shot dead by father in UP : North, News In a suspected case of honour... http",8,information
"India Today: Honour killing: Girl allegedly shot dead by father in UP : North, News In a suspected case of honour... http",8,someone dead
"India Today: Honour killing: Girl allegedly shot dead by father in UP : North, News In a suspected case of honour... http",8,someone injured
"India Today: Honour killing: Girl allegedly shot dead by father in UP : North, News In a suspected case of honour... http",8,someone missing or found
"India Today: Honour killing: Girl allegedly shot dead by father in UP : North, News In a suspected case of honour... http",8,people displaced
"India Today: Honour killing: Girl allegedly shot dead by father in UP : North, News In a suspected case of honour... http",8,something damage
"India Today: Honour killing: Girl allegedly shot dead by father in UP : North, News In a suspected case of honour... http",8,emotional support and put others in mind
"India Today: Honour killing: Girl allegedly shot dead by father in UP : North, News In a suspected case of honour... http",8,injured or dead people
"India Today: Honour killing: Girl allegedly shot dead by father in UP : North, News In a suspected case of honour... http",8,missing trapped or found people
"India Today: Honour killing: Girl allegedly shot dead by father in UP : North, News In a suspected case of honour... http",8,displaced people and evacuations
"India Today: Honour killing: Girl allegedly shot dead by father in UP : North, News In a suspected case of honour... http",8,infrastructure and utilities damage
"India Today: Honour killing: Girl allegedly shot dead by father in UP : North, News In a suspected case of honour... http",8,donation needs or offers or volunteering services
"India Today: Honour killing: Girl allegedly shot dead by father in UP : North, News In a suspected case of honour... http",8,caution and advice
"India Today: Honour killing: Girl allegedly shot dead by father in UP : North, News In a suspected case of honour... http",8,sympathy and emotional support
Death toll from 3 days of flooding and torrential rain in Nepal and India rises to more than 1... http,0,information
Death toll from 3 days of flooding and torrential rain in Nepal and India rises to more than 1... http,0,information
Death toll from 3 days of flooding and torrential rain in Nepal and India rises to more than 1... http,0,information
Death toll from 3 days of flooding and torrential rain in Nepal and India rises to more than 1... http,0,information
Death toll from 3 days of flooding and torrential rain in Nepal and India rises to more than 1... http,0,information
Death toll from 3 days of flooding and torrential rain in Nepal and India rises to more than 1... http,0,someone dead
Death toll from 3 days of flooding and torrential rain in Nepal and India rises to more than 1... http,0,someone injured
Death toll from 3 days of flooding and torrential rain in Nepal and India rises to more than 1... http,0,someone missing or found
Death toll from 3 days of flooding and torrential rain in Nepal and India rises to more than 1... http,0,people displaced
Death toll from 3 days of flooding and torrential rain in Nepal and India rises to more than 1... http,0,something damage
Death toll from 3 days of flooding and torrential rain in Nepal and India rises to more than 1... http,0,emotional support and put others in mind
Death toll from 3 days of flooding and torrential rain in Nepal and India rises to more than 1... http,0,injured or dead people
Death toll from 3 days of flooding and torrential rain in Nepal and India rises to more than 1... http,0,missing trapped or found people
Death toll from 3 days of flooding and torrential rain in Nepal and India rises to more than 1... http,0,displaced people and evacuations
Death toll from 3 days of flooding and torrential rain in Nepal and India rises to more than 1... http,0,infrastructure and utilities damage
Death toll from 3 days of flooding and torrential rain in Nepal and India rises to more than 1... http,0,donation needs or offers or volunteering services
Death toll from 3 days of flooding and torrential rain in Nepal and India rises to more than 1... http,0,caution and advice
Death toll from 3 days of flooding and torrential rain in Nepal and India rises to more than 1... http,0,sympathy and emotional support
YES U CAN. GO AND EAT 2.0 !!! party popperOK hand,8,information
YES U CAN. GO AND EAT 2.0 !!! party popperOK hand,8,information
YES U CAN. GO AND EAT 2.0 !!! party popperOK hand,8,information
YES U CAN. GO AND EAT 2.0 !!! party popperOK hand,8,information
YES U CAN. GO AND EAT 2.0 !!! party popperOK hand,8,information
YES U CAN. GO AND EAT 2.0 !!! party popperOK hand,8,someone dead
YES U CAN. GO AND EAT 2.0 !!! party popperOK hand,8,someone injured
YES U CAN. GO AND EAT 2.0 !!! party popperOK hand,8,someone missing or found
YES U CAN. GO AND EAT 2.0 !!! party popperOK hand,8,people displaced
YES U CAN. GO AND EAT 2.0 !!! party popperOK hand,8,something damage
YES U CAN. GO AND EAT 2.0 !!! party popperOK hand,8,emotional support and put others in mind
YES U CAN. GO AND EAT 2.0 !!! party popperOK hand,8,injured or dead people
YES U CAN. GO AND EAT 2.0 !!! party popperOK hand,8,missing trapped or found people
YES U CAN. GO AND EAT 2.0 !!! party popperOK hand,8,displaced people and evacuations
YES U CAN. GO AND EAT 2.0 !!! party popperOK hand,8,infrastructure and utilities damage
YES U CAN. GO AND EAT 2.0 !!! party popperOK hand,8,donation needs or offers or volunteering services
YES U CAN. GO AND EAT 2.0 !!! party popperOK hand,8,caution and advice
YES U CAN. GO AND EAT 2.0 !!! party popperOK hand,8,sympathy and emotional support
"Pakistan forces transporting rations to quake-stricken area fired on, 4 dead  http",0,information
"Pakistan forces transporting rations to quake-stricken area fired on, 4 dead  http",0,information
"Pakistan forces transporting rations to quake-stricken area fired on, 4 dead  http",0,information
"Pakistan forces transporting rations to quake-stricken area fired on, 4 dead  http",0,information
"Pakistan forces transporting rations to quake-stricken area fired on, 4 dead  http",0,information
"Pakistan forces transporting rations to quake-stricken area fired on, 4 dead  http",0,someone dead
"Pakistan forces transporting rations to quake-stricken area fired on, 4 dead  http",0,someone injured
"Pakistan forces transporting rations to quake-stricken area fired on, 4 dead  http",0,someone missing or found
"Pakistan forces transporting rations to quake-stricken area fired on, 4 dead  http",0,people displaced
"Pakistan forces transporting rations to quake-stricken area fired on, 4 dead  http",0,something damage
"Pakistan forces transporting rations to quake-stricken area fired on, 4 dead  http",0,emotional support and put others in mind
"Pakistan forces transporting rations to quake-stricken area fired on, 4 dead  http",0,injured or dead people
"Pakistan forces transporting rations to quake-stricken area fired on, 4 dead  http",0,missing trapped or found people
"Pakistan forces transporting rations to quake-stricken area fired on, 4 dead  http",0,displaced people and evacuations
"Pakistan forces transporting rations to quake-stricken area fired on, 4 dead  http",0,infrastructure and utilities damage
"Pakistan forces transporting rations to quake-stricken area fired on, 4 dead  http",0,donation needs or offers or volunteering services
"Pakistan forces transporting rations to quake-stricken area fired on, 4 dead  http",0,caution and advice
"Pakistan forces transporting rations to quake-stricken area fired on, 4 dead  http",0,sympathy and emotional support
"Hundreds dead as monsoon hits India, Nepal:        http news from Easy 97.3",0,information
"Hundreds dead as monsoon hits India, Nepal:        http news from Easy 97.3",0,information
"Hundreds dead as monsoon hits India, Nepal:        http news from Easy 97.3",0,information
"Hundreds dead as monsoon hits India, Nepal:        http news from Easy 97.3",0,information
"Hundreds dead as monsoon hits India, Nepal:        http news from Easy 97.3",0,information
"Hundreds dead as monsoon hits India, Nepal:        http news from Easy 97.3",0,someone dead
"Hundreds dead as monsoon hits India, Nepal:        http news from Easy 97.3",0,someone injured
"Hundreds dead as monsoon hits India, Nepal:        http news from Easy 97.3",0,someone missing or found
"Hundreds dead as monsoon hits India, Nepal:        http news from Easy 97.3",0,people displaced
"Hundreds dead as monsoon hits India, Nepal:        http news from Easy 97.3",0,something damage
"Hundreds dead as monsoon hits India, Nepal:        http news from Easy 97.3",0,emotional support and put others in mind
"Hundreds dead as monsoon hits India, Nepal:        http news from Easy 97.3",0,injured or dead people
"Hundreds dead as monsoon hits India, Nepal:        http news from Easy 97.3",0,missing trapped or found people
"Hundreds dead as monsoon hits India, Nepal:        http news from Easy 97.3",0,displaced people and evacuations
"Hundreds dead as monsoon hits India, Nepal:        http news from Easy 97.3",0,infrastructure and utilities damage
"Hundreds dead as monsoon hits India, Nepal:        http news from Easy 97.3",0,donation needs or offers or volunteering services
"Hundreds dead as monsoon hits India, Nepal:        http news from Easy 97.3",0,caution and advice
"Hundreds dead as monsoon hits India, Nepal:        http news from Easy 97.3",0,sympathy and emotional support
Surya Ray India Honour killing girl shot dead by father in UP http  Indian,8,information
Surya Ray India Honour killing girl shot dead by father in UP http  Indian,8,information
Surya Ray India Honour killing girl shot dead by father in UP http  Indian,8,information
Surya Ray India Honour killing girl shot dead by father in UP http  Indian,8,information
Surya Ray India Honour killing girl shot dead by father in UP http  Indian,8,information
Surya Ray India Honour killing girl shot dead by father in UP http  Indian,8,someone dead
Surya Ray India Honour killing girl shot dead by father in UP http  Indian,8,someone injured
Surya Ray India Honour killing girl shot dead by father in UP http  Indian,8,someone missing or found
Surya Ray India Honour killing girl shot dead by father in UP http  Indian,8,people displaced
Surya Ray India Honour killing girl shot dead by father in UP http  Indian,8,something damage
Surya Ray India Honour killing girl shot dead by father in UP http  Indian,8,emotional support and put others in mind
Surya Ray India Honour killing girl shot dead by father in UP http  Indian,8,injured or dead people
Surya Ray India Honour killing girl shot dead by father in UP http  Indian,8,missing trapped or found people
Surya Ray India Honour killing girl shot dead by father in UP http  Indian,8,displaced people and evacuations
Surya Ray India Honour killing girl shot dead by father in UP http  Indian,8,infrastructure and utilities damage
Surya Ray India Honour killing girl shot dead by father in UP http  Indian,8,donation needs or offers or volunteering services
Surya Ray India Honour killing girl shot dead by father in UP http  Indian,8,caution and advice
Surya Ray India Honour killing girl shot dead by father in UP http  Indian,8,sympathy and emotional support
Many dead in Nepal and India floods: At least 160 people are reported to have been killed in flo... http &lt;--Full Story,0,information
Many dead in Nepal and India floods: At least 160 people are reported to have been killed in flo... http &lt;--Full Story,0,information
Many dead in Nepal and India floods: At least 160 people are reported to have been killed in flo... http &lt;--Full Story,0,information
Many dead in Nepal and India floods: At least 160 people are reported to have been killed in flo... http &lt;--Full Story,0,information
Many dead in Nepal and India floods: At least 160 people are reported to have been killed in flo... http &lt;--Full Story,0,information
Many dead in Nepal and India floods: At least 160 people are reported to have been killed in flo... http &lt;--Full Story,0,someone dead
Many dead in Nepal and India floods: At least 160 people are reported to have been killed in flo... http &lt;--Full Story,0,someone injured
Many dead in Nepal and India floods: At least 160 people are reported to have been killed in flo... http &lt;--Full Story,0,someone missing or found
Many dead in Nepal and India floods: At least 160 people are reported to have been killed in flo... http &lt;--Full Story,0,people displaced
Many dead in Nepal and India floods: At least 160 people are reported to have been killed in flo... http &lt;--Full Story,0,something damage
Many dead in Nepal and India floods: At least 160 people are reported to have been killed in flo... http &lt;--Full Story,0,emotional support and put others in mind
Many dead in Nepal and India floods: At least 160 people are reported to have been killed in flo... http &lt;--Full Story,0,injured or dead people
Many dead in Nepal and India floods: At least 160 people are reported to have been killed in flo... http &lt;--Full Story,0,missing trapped or found people
Many dead in Nepal and India floods: At least 160 people are reported to have been killed in flo... http &lt;--Full Story,0,displaced people and evacuations
Many dead in Nepal and India floods: At least 160 people are reported to have been killed in flo... http &lt;--Full Story,0,infrastructure and utilities damage
Many dead in Nepal and India floods: At least 160 people are reported to have been killed in flo... http &lt;--Full Story,0,donation needs or offers or volunteering services
Many dead in Nepal and India floods: At least 160 people are reported to have been killed in flo... http &lt;--Full Story,0,caution and advice
Many dead in Nepal and India floods: At least 160 people are reported to have been killed in flo... http &lt;--Full Story,0,sympathy and emotional support
"Oooooo Char, when are you going to Ibiza?! Exciting! X",8,information
"Oooooo Char, when are you going to Ibiza?! Exciting! X",8,information
"Oooooo Char, when are you going to Ibiza?! Exciting! X",8,information
"Oooooo Char, when are you going to Ibiza?! Exciting! X",8,information
"Oooooo Char, when are you going to Ibiza?! Exciting! X",8,information
"Oooooo Char, when are you going to Ibiza?! Exciting! X",8,someone dead
"Oooooo Char, when are you going to Ibiza?! Exciting! X",8,someone injured
"Oooooo Char, when are you going to Ibiza?! Exciting! X",8,someone missing or found
"Oooooo Char, when are you going to Ibiza?! Exciting! X",8,people displaced
"Oooooo Char, when are you going to Ibiza?! Exciting! X",8,something damage
"Oooooo Char, when are you going to Ibiza?! Exciting! X",8,emotional support and put others in mind
"Oooooo Char, when are you going to Ibiza?! Exciting! X",8,injured or dead people
"Oooooo Char, when are you going to Ibiza?! Exciting! X",8,missing trapped or found people
"Oooooo Char, when are you going to Ibiza?! Exciting! X",8,displaced people and evacuations
"Oooooo Char, when are you going to Ibiza?! Exciting! X",8,infrastructure and utilities damage
"Oooooo Char, when are you going to Ibiza?! Exciting! X",8,donation needs or offers or volunteering services
"Oooooo Char, when are you going to Ibiza?! Exciting! X",8,caution and advice
"Oooooo Char, when are you going to Ibiza?! Exciting! X",8,sympathy and emotional support
dinner with pam's family,8,information
dinner with pam's family,8,information
dinner with pam's family,8,information
dinner with pam's family,8,information
dinner with pam's family,8,information
dinner with pam's family,8,someone dead
dinner with pam's family,8,someone injured
dinner with pam's family,8,someone missing or found
dinner with pam's family,8,people displaced
dinner with pam's family,8,something damage
dinner with pam's family,8,emotional support and put others in mind
dinner with pam's family,8,injured or dead people
dinner with pam's family,8,missing trapped or found people
dinner with pam's family,8,displaced people and evacuations
dinner with pam's family,8,infrastructure and utilities damage
dinner with pam's family,8,donation needs or offers or volunteering services
dinner with pam's family,8,caution and advice
dinner with pam's family,8,sympathy and emotional support
"Hundreds dead as monsoon brings chaos to northern India, Nepal http N L U",0,information
"Hundreds dead as monsoon brings chaos to northern India, Nepal http N L U",0,information
"Hundreds dead as monsoon brings chaos to northern India, Nepal http N L U",0,information
"Hundreds dead as monsoon brings chaos to northern India, Nepal http N L U",0,information
"Hundreds dead as monsoon brings chaos to northern India, Nepal http N L U",0,information
"Hundreds dead as monsoon brings chaos to northern India, Nepal http N L U",0,someone dead
"Hundreds dead as monsoon brings chaos to northern India, Nepal http N L U",0,someone injured
"Hundreds dead as monsoon brings chaos to northern India, Nepal http N L U",0,someone missing or found
"Hundreds dead as monsoon brings chaos to northern India, Nepal http N L U",0,people displaced
"Hundreds dead as monsoon brings chaos to northern India, Nepal http N L U",0,something damage
"Hundreds dead as monsoon brings chaos to northern India, Nepal http N L U",0,emotional support and put others in mind
"Hundreds dead as monsoon brings chaos to northern India, Nepal http N L U",0,injured or dead people
"Hundreds dead as monsoon brings chaos to northern India, Nepal http N L U",0,missing trapped or found people
"Hundreds dead as monsoon brings chaos to northern India, Nepal http N L U",0,displaced people and evacuations
"Hundreds dead as monsoon brings chaos to northern India, Nepal http N L U",0,infrastructure and utilities damage
"Hundreds dead as monsoon brings chaos to northern India, Nepal http N L U",0,donation needs or offers or volunteering services
"Hundreds dead as monsoon brings chaos to northern India, Nepal http N L U",0,caution and advice
"Hundreds dead as monsoon brings chaos to northern India, Nepal http N L U",0,sympathy and emotional support
it's called fASHion look it up  http,8,information
it's called fASHion look it up  http,8,information
it's called fASHion look it up  http,8,information
it's called fASHion look it up  http,8,information
it's called fASHion look it up  http,8,information
it's called fASHion look it up  http,8,someone dead
it's called fASHion look it up  http,8,someone injured
it's called fASHion look it up  http,8,someone missing or found
it's called fASHion look it up  http,8,people displaced
it's called fASHion look it up  http,8,something damage
it's called fASHion look it up  http,8,emotional support and put others in mind
it's called fASHion look it up  http,8,injured or dead people
it's called fASHion look it up  http,8,missing trapped or found people
it's called fASHion look it up  http,8,displaced people and evacuations
it's called fASHion look it up  http,8,infrastructure and utilities damage
it's called fASHion look it up  http,8,donation needs or offers or volunteering services
it's called fASHion look it up  http,8,caution and advice
it's called fASHion look it up  http,8,sympathy and emotional support
